CSD_code;Electronic_E;Dispersion_E;Dipole_M;Metal_q;HL_Gap;HOMO_Energy;LUMO_Energy;Polarizability
WIXKOE;-2045.524942;-0.239239;4.233300;2.109340;0.131080;-0.162040;-0.030960;598.457913
DUCVIG;-2430.690317;-0.082134;11.754400;0.759940;0.124930;-0.243580;-0.118650;277.750698
KINJOG;-3467.923206;-0.137954;8.301700;1.766500;0.140140;-0.236460;-0.096320;393.442545
GEKYEC;-3657.137747;-0.073924;3.044800;1.171860;0.138650;-0.267650;-0.129000;266.725736
PIBNEV;-1184.911899;-0.132369;2.776000;1.926420;0.106410;-0.151640;-0.045230;342.341585
ILOJOK;-3314.579807;-0.287378;2.947000;1.777290;0.092470;-0.175080;-0.082610;726.729174
